{"stats":{"minecraft:dropped":{"minecraft:iron_nugget":2,"minecraft:cooked_beef":7,"minecraft:nether_star":41,"create:linked_controller":1,"immersiveengineering:empty_casing":8,"minecraft:command_block":1,"minecraft:item_frame":128,"minecraft:filled_map":2,"createbigcannons:empty_autocannon_cartridge":43,"minecraft:splash_potion":1,"immersiveengineering:flare":56,"minecraft:redstone":2},"minecraft:mined":{"minecraft:tnt":5,"minecraft:grass":8,"create:encased_chain_drive":1},"minecraft:picked_up":{"immersiveengineering:flare":56,"immersiveengineering:empty_casing":8,"minecraft:wheat":6,"minecraft:repeater":1,"createbigcannons:big_cartridge":2,"minecraft:potato":5,"minecraft:filled_map":67,"minecraft:dirt":11,"minecraft:white_banner":9,"create:encased_chain_drive":1,"minecraft:oak_sign":1,"minecraft:wheat_seeds":18,"minecraft:iron_nugget":52,"immersiveengineering:shader_bag_epic":1,"minecraft:stick":2,"minecraft:dandelion":1,"minecraft:torch":1,"minecraft:spruce_sapling":13,"create:hand_crank":5,"minecraft:carrot":9,"minecraft:redstone":4,"minecraft:command_block":1,"createbigcannons:empty_autocannon_cartridge":59,"immersiveengineering:seed":1,"minecraft:lever":1,"minecraft:crossbow":5,"minecraft:saddle":1,"createbigcannons:ap_shell":1,"minecraft:emerald":3,"minecraft:white_shulker_box":3,"create:linked_controller":2,"minecraft:nether_star":38},"minecraft:killed":{"minecraft:pig":1,"minecraft:vindicator":12,"minecraft:ravager":1,"minecraft:pillager":64},"minecraft:killed_by":{"minecraft:vindicator":2,"minecraft:player":5,"minecraft:pillager":5},"minecraft:custom":{"minecraft:interact_with_anvil":6,"minecraft:mob_kills":72,"minecraft:inspect_hopper":5,"minecraft:open_barrel":4,"minecraft:fill_cauldron":3,"minecraft:open_shulker_box":3,"minecraft:damage_dealt_resisted":1310,"minecraft:leave_game":2,"minecraft:time_since_death":13777,"minecraft:climb_one_cm":10986,"minecraft:time_since_rest":13810,"minecraft:open_enderchest":4,"minecraft:sprint_one_cm":249809,"minecraft:damage_taken":4515,"minecraft:walk_one_cm":315840,"minecraft:drop":69,"minecraft:damage_dealt":23962,"minecraft:talked_to_villager":2,"minecraft:fly_one_cm":2270011,"minecraft:player_kills":1,"minecraft:open_chest":1,"minecraft:crouch_one_cm":678,"minecraft:play_time":331965,"minecraft:deaths":12,"minecraft:sneak_time":2152,"minecraft:walk_under_water_one_cm":1070,"minecraft:aviate_one_cm":82136,"minecraft:jump":2120,"minecraft:walk_on_water_one_cm":1776,"minecraft:total_world_time":332109,"minecraft:fall_one_cm":4863},"minecraft:used":{"minecraft:oak_fence":105,"minecraft:water_bucket":2,"create:deployer":2,"minecraft:netherite_sword":106,"minecraft:iron_bars":13,"createbigcannons:solid_shot":8,"createbigcannons:steel_sliding_breech":1,"create:piston_extension_pole":21,"minecraft:redstone":18,"minecraft:elytra":1,"minecraft:oak_sign":3,"create:pulse_extender":3,"minecraft:ender_chest":3,"minecraft:iron_sword":257,"create:sticky_mechanical_piston":10,"minecraft:white_shulker_box":3,"minecraft:cauldron":3,"minecraft:quartz_stairs":20,"minecraft:vindicator_spawn_egg":610,"create:framed_glass_trapdoor":8,"minecraft:spruce_leaves":665,"minecraft:dirt":16,"minecraft:anvil":16,"minecraft:rail":43,"minecraft:vine":260,"createbigcannons:ap_shell":4,"create:cogwheel":3,"createbigcannons:steel_cannon_chamber":30,"createbigcannons:big_cartridge":8,"minecraft:campfire":17,"minecraft:oak_wood":13,"createbigcannons:cannon_loader":8,"minecraft:spruce_log":114,"createbigcannons:built_up_steel_cannon_barrel":22,"minecraft:ravager_spawn_egg":1,"create:train_trapdoor":90,"minecraft:lever":9,"minecraft:lava_bucket":3,"minecraft:firework_rocket":46,"minecraft:villager_spawn_egg":159,"minecraft:command_block":10,"minecraft:grass_block":60,"minecraft:iron_pickaxe":1,"createbigcannons:steel_screw_breech":10,"minecraft:stone_button":24,"minecraft:spawner":9,"minecraft:copper_ore":21,"minecraft:spruce_trapdoor":88,"create:andesite_casing":468,"createbigcannons:cannon_mount":1,"create:creative_motor":14,"minecraft:barrel":2,"createbigcannons:ram_head":1,"minecraft:item_frame":18,"minecraft:bedrock":5,"create:encased_chain_drive":3,"minecraft:repeater":4,"createbigcannons:powder_charge":34,"minecraft:fire_charge":11,"create:linked_controller":1,"minecraft:magma_block":31,"createbigcannons:ram_rod":30,"create:shaft":13,"minecraft:white_banner":30,"minecraft:cooked_beef":14,"minecraft:glass_pane":14,"minecraft:repeating_command_block":13,"create:clutch":4,"create:hand_crank":5,"create:pulse_repeater":7,"createbigcannons:yaw_controller":3,"minecraft:observer":3,"minecraft:splash_potion":52,"minecraft:pillager_spawn_egg":645,"create:gearshift":5}},"DataVersion":2975}