{"stats":{"minecraft:picked_up":{"minecraft:wheat":1,"createbigcannons:autocannon_cartridge":355,"vs_clockwork:strawberry_frosting_bucket":5,"createbigcannons:partially_formed_big_cartridge":1,"minecraft:item_frame":128,"create:redstone_link":1,"create:sticky_mechanical_piston":6,"minecraft:redstone_torch":4,"minecraft:iron_nugget":1607,"create:sequenced_gearshift":2,"createbigcannons:bronze_scrap":226,"minecraft:porkchop":3,"create:hand_crank":10,"minecraft:redstone":2,"create:vertical_gearbox":1,"create:large_cogwheel":1,"minecraft:tnt":1,"createbigcannons:empty_autocannon_cartridge":55,"createbigcannons:ap_shell":1,"gunswithoutroses:blaze_bullet":10,"create:linked_controller":9,"create:empty_schematic":1,"gunswithoutroses:diamond_shotgun":1,"minecraft:cooked_beef":7,"minecraft:golden_carrot":1,"create:fluid_tank":1,"minecraft:filled_map":68,"minecraft:white_banner":2,"minecraft:wheat_seeds":6,"create:goggles":3,"minecraft:vindicator_spawn_egg":1,"create:cogwheel":2,"minecraft:dandelion":1,"minecraft:gravel":1,"vs_clockwork:combustion_engine":3,"minecraft:spruce_sapling":1,"create:creative_motor":1,"minecraft:slime_ball":1,"gunswithoutroses:diamond_sniper":1,"minecraft:lever":5,"minecraft:crossbow":5,"minecraft:emerald":1,"create:white_sail":5,"minecraft:nether_star":10},"minecraft:custom":{"minecraft:interact_with_anvil":27,"minecraft:mob_kills":93,"minecraft:inspect_hopper":7,"minecraft:interact_with_crafting_table":6,"minecraft:open_barrel":9,"minecraft:fill_cauldron":11,"minecraft:bell_ring":4,"minecraft:leave_game":9,"minecraft:time_since_death":143719,"minecraft:climb_one_cm":19298,"minecraft:sprint_one_cm":963737,"minecraft:walk_one_cm":676647,"minecraft:drop":154,"minecraft:talked_to_villager":8,"minecraft:play_time":445218,"minecraft:deaths":6,"minecraft:sneak_time":23595,"minecraft:walk_under_water_one_cm":1131,"minecraft:boat_one_cm":38891,"minecraft:jump":1459,"minecraft:walk_on_water_one_cm":7676,"minecraft:total_world_time":476980,"minecraft:interact_with_cartography_table":10,"minecraft:raid_trigger":3,"minecraft:interact_with_grindstone":3,"minecraft:time_since_rest":143745,"minecraft:open_enderchest":4,"minecraft:damage_taken":2090,"minecraft:damage_dealt":170,"minecraft:interact_with_beacon":7,"minecraft:fly_one_cm":6064028,"minecraft:player_kills":5,"minecraft:open_chest":65,"minecraft:crouch_one_cm":22712,"minecraft:fall_one_cm":836},"minecraft:killed":{"minecraft:vex":1,"minecraft:vindicator":15,"minecraft:pig":2,"minecraft:pillager":63,"minecraft:wither_skeleton":1,"minecraft:villager":2,"minecraft:cow":1},"minecraft:killed_by":{"minecraft:player":1,"minecraft:pillager":3,"minecraft:vindicator":2},"minecraft:used":{"minecraft:oak_fence":110,"create:framed_glass":6,"create:deployer":4,"minecraft:iron_bars":11,"create:brass_casing":2,"minecraft:flint_and_steel":3,"createbigcannons:steel_sliding_breech":3,"create:schematic_table":14,"create:item_vault":39,"vs_clockwork:wing":18,"create:piston_extension_pole":40,"minecraft:redstone":29,"minecraft:oak_sign":4,"create:pulse_extender":1,"minecraft:spruce_planks":165,"minecraft:chest":16,"minecraft:ender_chest":4,"minecraft:stone":79,"minecraft:wither_skeleton_spawn_egg":1,"create:sticky_mechanical_piston":28,"minecraft:vex_spawn_egg":1,"create:railway_casing":12,"minecraft:netherrack":3,"create:mechanical_bearing":17,"minecraft:nether_quartz_ore":1,"create:fluid_tank":60,"create:mechanical_pump":29,"minecraft:dirt":7,"minecraft:anvil":18,"createbigcannons:ap_shell":27,"create:mechanical_mixer":4,"vs_tournament:rope_hook":4,"minecraft:hopper":6,"create:white_sail":211,"minecraft:blue_stained_glass":1,"vs_clockwork:vanilla_frosting_bucket":43,"create:cogwheel":111,"createbigcannons:steel_autocannon_recoil_spring":10,"createbigcannons:quickfiring_mechanism":1,"create:creative_crate":4,"minecraft:raw_iron_block":28,"create:depot":3,"createbigcannons:cannon_drill":1,"minecraft:polished_diorite":6,"createbigcannons:built_up_steel_cannon_barrel":27,"computercraft:speaker":13,"vs_clockwork:physics_infuser":9,"create:red_valve_handle":3,"alloyed:steel_sheet_stairs":54,"gunswithoutroses:diamond_gatling":325,"minecraft:glass":6,"create:train_trapdoor":4,"minecraft:lava_bucket":15,"minecraft:villager_spawn_egg":17,"create:gearbox":24,"create:wrench":39,"minecraft:filled_map":6,"minecraft:iron_block":82,"minecraft:grass_block":75,"minecraft:spawner":6,"minecraft:copper_ore":1,"vs_clockwork:strawberry_frosting_bucket":79,"create:zinc_ore":2,"create:creative_motor":22,"createbigcannons:cannon_mount":10,"minecraft:barrel":3,"minecraft:blaze_spawn_egg":1,"minecraft:magma_cube_spawn_egg":1,"create:andesite_funnel":12,"minecraft:item_frame":1,"minecraft:bedrock":70,"create:encased_chain_drive":4,"minecraft:deepslate_diamond_ore":1,"create:linked_controller":14,"minecraft:repeater":2,"create:rotation_speed_controller":8,"minecraft:golden_carrot":2,"createbigcannons:ram_rod":10,"minecraft:iron_trapdoor":13,"create:shaft":79,"minecraft:deepslate_tile_stairs":2,"vs_clockwork:propellor_bearing":21,"createbigcannons:basin_foundry_lid":1,"create:fluid_pipe":42,"create:sequenced_gearshift":3,"createbigcannons:yaw_controller":3,"computercraft:monitor_normal":2,"create:belt_connector":6,"createbigcannons:steel_autocannon_barrel":21,"create:gearshift":10,"create:handheld_worldshaper":11,"createbigcannons:unbored_bronze_cannon_chamber":3,"createbigcannons:worm":4,"minecraft:water_bucket":85,"minecraft:end_rod":3,"minecraft:cow_spawn_egg":1,"minecraft:iron_ore":6,"createbigcannons:solid_shot":20,"createbigcannons:steel_cannon_barrel":3,"minecraft:red_stained_glass":1,"create:train_door":4,"minecraft:cartography_table":5,"createbigcannons:steel_quickfiring_breech":9,"minecraft:redstone_block":22,"minecraft:cauldron":14,"minecraft:beacon":2,"minecraft:sugar_cane":13,"createbigcannons:unbored_bronze_cannon_barrel":4,"minecraft:vindicator_spawn_egg":30,"minecraft:gold_ore":1,"create:blaze_burner":1,"minecraft:cracked_stone_bricks":1,"minecraft:oak_leaves":15,"create:spout":1,"minecraft:white_wool":3,"gunswithoutroses:diamond_shotgun":38,"minecraft:vine":439,"create:brass_funnel":22,"minecraft:tnt":40,"minecraft:crafting_table":2,"createbigcannons:steel_autocannon_breech":7,"createbigcannons:big_cartridge":71,"minecraft:crossbow":1,"createbigcannons:steel_cannon_chamber":15,"computercraft:computer_normal":4,"minecraft:lightning_rod":1,"minecraft:cyan_stained_glass":1,"minecraft:creeper_spawn_egg":13,"minecraft:redstone_torch":31,"minecraft:oak_log":25,"vs_clockwork:universal_joint":1,"minecraft:lever":23,"computercraft:wired_modem_full":5,"create:mechanical_press":8,"create:windmill_bearing":8,"minecraft:deepslate_iron_ore":6,"minecraft:pig_spawn_egg":1,"createbigcannons:steel_screw_breech":4,"minecraft:map":7,"minecraft:lectern":2,"create:water_wheel":38,"minecraft:polished_granite":4,"create:mechanical_arm":5,"create:andesite_casing":51,"create:adjustable_chain_gearshift":1,"minecraft:spruce_sapling":2,"gunswithoutroses:diamond_sniper":19,"gunswithoutroses:iron_gun":34,"create:copper_ladder":3,"minecraft:coal_block":1,"create:basin":12,"minecraft:cobblestone":1,"minecraft:grindstone":2,"create:stressometer":6,"vs_clockwork:combustion_engine":20,"minecraft:red_banner":3,"minecraft:andesite":5,"create:hand_crank":39,"create:creative_fluid_tank":6,"minecraft:smooth_stone_slab":2,"minecraft:oak_boat":5,"create:clutch":7,"minecraft:kelp":14,"create:vertical_gearbox":83,"create:redstone_link":41,"alloyed:steel_sheet_metal":248,"minecraft:pillager_spawn_egg":127,"minecraft:smooth_stone":13,"minecraft:bone_meal":33,"vs_clockwork:phys_bearing":15,"create:large_cogwheel":49},"minecraft:crafted":{"createbigcannons:flak_autocannon_round":64,"createbigcannons:big_cartridge":256,"createbigcannons:autocannon_cartridge":64},"minecraft:mined":{"minecraft:glass_pane":3},"minecraft:dropped":{"minecraft:vindicator_spawn_egg":1,"createbigcannons:partially_formed_big_cartridge":3,"minecraft:wheat_seeds":1,"minecraft:nether_star":7,"vs_clockwork:strawberry_frosting_bucket":30,"create:fluid_tank":1,"gunswithoutroses:blaze_bullet":10,"minecraft:golden_carrot":1,"createbigcannons:autocannon_cartridge":64,"create:goggles":3,"minecraft:spruce_sapling":1,"minecraft:iron_nugget":729,"create:linked_controller":1,"gunswithoutroses:diamond_shotgun":1,"minecraft:filled_map":133,"create:creative_motor":1,"gunswithoutroses:diamond_sniper":1}},"DataVersion":2975}