{
  "minecraft:recipes/building_blocks/black_stained_glass": {
    "criteria": {
      "has_glass": "2023-05-29 20:48:55 -0700"
    },
    "done": true
  },
  "create:recipes/create.base/crafting/kinetics/clutch": {
    "criteria": {
      "has_item": "2023-05-29 14:16:05 -0700"
    },
    "done": true
  },
  "create:wrench_goggles": {
    "criteria": {
      "0": "2023-05-29 14:20:41 -0700",
      "1": "2023-05-29 14:59:48 -0700"
    },
    "done": true
  },
  "minecraft:recipes/redstone/lever": {
    "criteria": {
      "has_cobblestone": "2023-05-29 14:07:24 -0700"
    },
    "done": true
  },
  "create:recipes/create.base/crafting/kinetics/mechanical_crafter": {
    "criteria": {
      "has_item": "2023-05-29 14:16:06 -0700"
    },
    "done": true
  },
  "create:recipes/create.base/crafting/kinetics/mechanical_bearing": {
    "criteria": {
      "has_item": "2023-05-29 14:16:05 -0700"
    },
    "done": true
  },
  "minecraft:recipes/combat/iron_sword": {
    "criteria": {
      "has_iron_ingot": "2023-05-29 15:01:03 -0700"
    },
    "done": true
  },
  "minecraft:recipes/building_blocks/stone_bricks": {
    "criteria": {
      "has_stone": "2023-05-29 14:40:23 -0700"
    },
    "done": true
  },
  "minecraft:recipes/redstone/spruce_door": {
    "criteria": {
      "has_planks": "2023-05-29 14:02:10 -0700"
    },
    "done": true
  },
  "create:recipes/create.base/crafting/logistics/powered_latch": {
    "criteria": {
      "has_item": "2023-05-29 15:55:21 -0700"
    },
    "done": true
  },
  "create:recipes/create.base/crafting/materials/sand_paper": {
    "criteria": {
      "has_item": "2023-05-29 14:03:59 -0700"
    },
    "done": true
  },
  "minecraft:recipes/building_blocks/lime_concrete_powder": {
    "criteria": {
      "has_gravel": "2023-06-02 15:20:55 -0700"
    },
    "done": true
  },
  "create:recipes/create.base/crafting/kinetics/gearshift": {
    "criteria": {
      "has_item": "2023-05-29 14:16:05 -0700"
    },
    "done": true
  },
  "minecraft:recipes/building_blocks/chiseled_stone_bricks": {
    "criteria": {
      "has_tag": "2023-06-02 14:57:58 -0700"
    },
    "done": true
  },
  "minecraft:recipes/tools/iron_pickaxe": {
    "criteria": {
      "has_iron_ingot": "2023-05-29 15:01:03 -0700"
    },
    "done": true
  },
  "minecraft:recipes/building_blocks/gray_stained_glass": {
    "criteria": {
      "has_glass": "2023-05-29 20:48:55 -0700"
    },
    "done": true
  },
  "minecraft:recipes/redstone/spruce_fence_gate": {
    "criteria": {
      "has_planks": "2023-05-29 14:02:10 -0700"
    },
    "done": true
  },
  "minecraft:recipes/building_blocks/yellow_concrete_powder": {
    "criteria": {
      "has_gravel": "2023-06-02 15:20:55 -0700"
    },
    "done": true
  },
  "minecraft:recipes/decorations/crafting_table": {
    "criteria": {
      "has_planks": "2023-05-29 14:02:10 -0700"
    },
    "done": true
  },
  "minecraft:recipes/building_blocks/magenta_wool": {
    "criteria": {
      "has_white_wool": "2023-05-29 19:11:54 -0700"
    },
    "done": true
  },
  "create:super_glue": {
    "criteria": {
      "0": "2023-05-29 15:27:06 -0700"
    },
    "done": true
  },
  "minecraft:recipes/building_blocks/purple_stained_glass": {
    "criteria": {
      "has_glass": "2023-05-29 20:48:55 -0700"
    },
    "done": true
  },
  "minecraft:recipes/building_blocks/polished_granite_stairs": {
    "criteria": {
      "has_polished_granite": "2023-06-02 15:54:33 -0700"
    },
    "done": true
  },
  "create:mechanical_press": {
    "criteria": {
      "0": "2023-05-29 14:26:56 -0700"
    },
    "done": true
  },
  "create:recipes/create.base/crafting/kinetics/magenta_valve_handle_from_other_valve_handle": {
    "criteria": {
      "has_valve": "2023-05-29 15:28:11 -0700"
    },
    "done": true
  },
  "computercraft:recipes/computercraft/pocket_computer_advanced": {
    "criteria": {
      "has_computer": "2023-05-29 17:09:18 -0700"
    },
    "done": true
  },
  "computercraft:recipes/decorations/skull_cloudy": {
    "criteria": {
      "has_monitor": "2023-05-29 17:09:21 -0700"
    },
    "done": true
  },
  "minecraft:recipes/decorations/blast_furnace": {
    "criteria": {
      "has_smooth_stone": "2023-05-29 17:33:24 -0700"
    },
    "done": true
  },
  "create:recipes/create.base/crafting/kinetics/cyan_valve_handle_from_other_valve_handle": {
    "criteria": {
      "has_valve": "2023-05-29 15:28:11 -0700"
    },
    "done": true
  },
  "minecraft:recipes/decorations/chest": {
    "criteria": {
      "has_lots_of_items": "2023-05-28 21:04:19 -0700"
    },
    "done": true
  },
  "minecraft:story/shiny_gear": {
    "criteria": {
      "diamond_chestplate": "2023-05-29 17:30:28 -0700"
    },
    "done": true
  },
  "minecraft:recipes/building_blocks/chiseled_stone_bricks_stone_from_stonecutting": {
    "criteria": {
      "has_stone": "2023-05-29 14:40:23 -0700"
    },
    "done": true
  },
  "minecraft:recipes/redstone/spruce_button": {
    "criteria": {
      "has_planks": "2023-05-29 14:02:10 -0700"
    },
    "done": true
  },
  "minecraft:recipes/tools/shears": {
    "criteria": {
      "has_iron_ingot": "2023-05-29 15:01:03 -0700"
    },
    "done": true
  },
  "minecraft:recipes/misc/stick": {
    "criteria": {
      "has_planks": "2023-05-29 14:02:10 -0700"
    },
    "done": true
  },
  "create:recipes/create.base/crafting/kinetics/fluid_tank": {
    "criteria": {
      "has_item": "2023-05-29 14:24:21 -0700"
    },
    "done": true
  },
  "minecraft:recipes/building_blocks/stone_brick_slab_from_stone_stonecutting": {
    "criteria": {
      "has_stone": "2023-05-29 14:40:23 -0700"
    },
    "done": true
  },
  "create:funnel": {
    "criteria": {
      "0": "2023-05-28 21:04:42 -0700"
    },
    "done": true
  },
  "computercraft:recipes/computercraft/disk_drive": {
    "criteria": {
      "has_computer": "2023-05-29 17:09:18 -0700"
    },
    "done": true
  },
  "minecraft:recipes/building_blocks/emerald_block": {
    "criteria": {
      "has_emerald": "2023-05-29 20:44:38 -0700"
    },
    "done": true
  },
  "minecraft:recipes/combat/iron_leggings": {
    "criteria": {
      "has_iron_ingot": "2023-05-29 15:01:03 -0700"
    },
    "done": true
  },
  "create:recipes/create.palettes/ornate_iron_window": {
    "criteria": {
      "has_ingredient": "2023-05-29 14:42:53 -0700"
    },
    "done": true
  },
  "create:recipes/create.base/crafting/logistics/display_link": {
    "criteria": {
      "has_item": "2023-05-29 14:16:06 -0700"
    },
    "done": true
  },
  "create:recipes/create.palettes/polished_cut_andesite_from_andesite_stonecutting": {
    "criteria": {
      "has_andesite": "2023-05-29 14:10:32 -0700"
    },
    "done": true
  },
  "minecraft:recipes/combat/shield": {
    "criteria": {
      "has_iron_ingot": "2023-05-29 15:01:03 -0700"
    },
    "done": true
  },
  "minecraft:recipes/building_blocks/cobblestone_slab": {
    "criteria": {
      "has_cobblestone": "2023-05-29 14:07:24 -0700"
    },
    "done": true
  },
  "create:mechanical_pump_0": {
    "criteria": {
      "0": "2023-05-28 20:57:00 -0700"
    },
    "done": true
  },
  "create:recipes/create.base/crafting/kinetics/light_gray_valve_handle_from_other_valve_handle": {
    "criteria": {
      "has_valve": "2023-05-29 15:28:11 -0700"
    },
    "done": true
  },
  "minecraft:recipes/food/dried_kelp_from_smoking": {
    "criteria": {
      "has_kelp": "2023-06-02 16:06:25 -0700"
    },
    "done": true
  },
  "minecraft:recipes/redstone/hopper": {
    "criteria": {
      "has_iron_ingot": "2023-05-29 15:01:03 -0700"
    },
    "done": true
  },
  "create:recipes/create.base/crafting/logistics/content_observer": {
    "criteria": {
      "has_item": "2023-05-29 14:42:31 -0700"
    },
    "done": true
  },
  "minecraft:recipes/building_blocks/coarse_dirt": {
    "criteria": {
      "has_gravel": "2023-06-02 15:20:55 -0700"
    },
    "done": true
  },
  "create:recipes/create.base/crafting/kinetics/light_blue_valve_handle_from_other_valve_handle": {
    "criteria": {
      "has_valve": "2023-05-29 15:28:11 -0700"
    },
    "done": true
  },
  "create:recipes/create.palettes/andesite_pillar_from_andesite_stonecutting": {
    "criteria": {
      "has_andesite": "2023-05-29 14:10:32 -0700"
    },
    "done": true
  },
  "create:recipes/create.base/crafting/kinetics/yellow_seat": {
    "criteria": {
      "has_wool": "2023-05-29 19:11:54 -0700"
    },
    "done": true
  },
  "minecraft:recipes/building_blocks/light_gray_concrete_powder": {
    "criteria": {
      "has_gravel": "2023-06-02 15:20:55 -0700"
    },
    "done": true
  },
  "create:windmill": {
    "criteria": {
      "0": "2023-05-29 14:52:34 -0700"
    },
    "done": true
  },
  "alloyed:recipes/main_group/stonecutting/steel_sheet_slab_from_steel_sheet_metal": {
    "criteria": {
      "has_ingredient": "2023-06-02 16:09:37 -0700"
    },
    "done": true
  },
  "minecraft:recipes/building_blocks/pink_concrete_powder": {
    "criteria": {
      "has_gravel": "2023-06-02 15:20:55 -0700"
    },
    "done": true
  },
  "create:recipes/create.base/crafting/kinetics/purple_valve_handle_from_other_valve_handle": {
    "criteria": {
      "has_valve": "2023-05-29 15:28:11 -0700"
    },
    "done": true
  },
  "create:recipes/create.base/crafting/kinetics/lime_seat": {
    "criteria": {
      "has_wool": "2023-05-29 19:11:54 -0700"
    },
    "done": true
  },
  "create:recipes/create.palettes/small_andesite_brick_wall_from_andesite_stonecutting": {
    "criteria": {
      "has_andesite": "2023-05-29 14:10:32 -0700"
    },
    "done": true
  },
  "minecraft:recipes/building_blocks/yellow_stained_glass": {
    "criteria": {
      "has_glass": "2023-05-29 20:48:55 -0700"
    },
    "done": true
  },
  "minecraft:recipes/building_blocks/stone_stairs_from_stone_stonecutting": {
    "criteria": {
      "has_stone": "2023-05-29 14:40:23 -0700"
    },
    "done": true
  },
  "minecraft:recipes/building_blocks/andesite_stairs_from_andesite_stonecutting": {
    "criteria": {
      "has_andesite": "2023-05-29 14:10:32 -0700"
    },
    "done": true
  },
  "minecraft:recipes/decorations/iron_bars": {
    "criteria": {
      "has_iron_ingot": "2023-05-29 15:01:03 -0700"
    },
    "done": true
  },
  "minecraft:recipes/building_blocks/blue_wool": {
    "criteria": {
      "has_white_wool": "2023-05-29 19:11:54 -0700"
    },
    "done": true
  },
  "create:recipes/create.base/crafting/kinetics/track_station": {
    "criteria": {
      "has_item": "2023-05-29 16:21:20 -0700"
    },
    "done": true
  },
  "minecraft:story/obtain_armor": {
    "criteria": {
      "iron_chestplate": "2023-05-29 17:30:28 -0700"
    },
    "done": true
  },
  "minecraft:recipes/misc/iron_ingot_from_blasting_deepslate_iron_ore": {
    "criteria": {
      "has_deepslate_iron_ore": "2023-05-29 16:52:16 -0700"
    },
    "done": true
  },
  "create:recipes/create.palettes/framed_glass_pane": {
    "criteria": {
      "has_ingredient": "2023-05-29 15:07:53 -0700"
    },
    "done": true
  },
  "create:recipes/create.base/crafting/logistics/pulse_repeater": {
    "criteria": {
      "has_item": "2023-05-29 15:55:21 -0700"
    },
    "done": true
  },
  "minecraft:recipes/brewing/cauldron": {
    "criteria": {
      "has_water_bucket": "2023-05-29 14:25:50 -0700"
    },
    "done": true
  },
  "minecraft:recipes/decorations/armor_stand": {
    "criteria": {
      "has_stone_slab": "2023-05-29 19:46:16 -0700"
    },
    "done": true
  },
  "minecraft:recipes/combat/diamond_leggings": {
    "criteria": {
      "has_diamond": "2023-05-29 20:20:14 -0700"
    },
    "done": true
  },
  "minecraft:recipes/building_blocks/red_stained_glass": {
    "criteria": {
      "has_glass": "2023-05-29 20:48:55 -0700"
    },
    "done": true
  },
  "minecraft:recipes/building_blocks/spruce_planks": {
    "criteria": {
      "has_logs": "2023-05-29 20:19:54 -0700"
    },
    "done": true
  },
  "create:recipes/create.base/crafting/kinetics/brown_valve_handle_from_other_valve_handle": {
    "criteria": {
      "has_valve": "2023-05-29 15:28:11 -0700"
    },
    "done": true
  },
  "createbigcannons:recipes/createbigcannons/bag_of_grapeshot": {
    "criteria": {
      "has_iron_nugget": "2023-05-29 14:42:53 -0700"
    },
    "done": true
  },
  "minecraft:story/lava_bucket": {
    "criteria": {
      "lava_bucket": "2023-05-29 15:56:11 -0700"
    },
    "done": true
  },
  "minecraft:recipes/building_blocks/cobblestone_slab_from_cobblestone_stonecutting": {
    "criteria": {
      "has_cobblestone": "2023-05-29 14:07:24 -0700"
    },
    "done": true
  },
  "minecraft:recipes/misc/copper_ingot_from_blasting_deepslate_copper_ore": {
    "criteria": {
      "has_deepslate_copper_ore": "2023-05-29 15:00:41 -0700"
    },
    "done": true
  },
  "minecraft:recipes/food/dried_kelp_from_smelting": {
    "criteria": {
      "has_kelp": "2023-06-02 16:06:25 -0700"
    },
    "done": true
  },
  "create:recipes/create.base/crafting/kinetics/clockwork_bearing": {
    "criteria": {
      "has_item": "2023-05-29 14:16:06 -0700"
    },
    "done": true
  },
  "minecraft:recipes/building_blocks/oak_stairs": {
    "criteria": {
      "has_planks": "2023-05-29 14:50:53 -0700"
    },
    "done": true
  },
  "minecraft:recipes/building_blocks/polished_diorite_slab": {
    "criteria": {
      "has_polished_diorite": "2023-06-02 15:35:17 -0700"
    },
    "done": true
  },
  "minecraft:recipes/building_blocks/polished_andesite_slab_from_andesite_stonecutting": {
    "criteria": {
      "has_andesite": "2023-05-29 14:10:32 -0700"
    },
    "done": true
  },
  "minecraft:recipes/transportation/acacia_boat": {
    "criteria": {
      "in_water": "2023-05-29 15:33:36 -0700"
    },
    "done": true
  },
  "minecraft:recipes/redstone/iron_trapdoor": {
    "criteria": {
      "has_iron_ingot": "2023-05-29 15:01:03 -0700"
    },
    "done": true
  },
  "createbigcannons:recipes/createbigcannons/solid_shot": {
    "criteria": {
      "has_iron_ingot": "2023-05-29 15:01:03 -0700"
    },
    "done": true
  },
  "minecraft:adventure/root": {
    "criteria": {
      "killed_something": "2023-05-29 16:54:56 -0700"
    },
    "done": true
  },
  "create:recipes/create.base/crafting/kinetics/track_observer_from_other_plates": {
    "criteria": {
      "has_item": "2023-05-29 16:21:20 -0700"
    },
    "done": true
  },
  "create:recipes/create.base/crafting/kinetics/black_seat": {
    "criteria": {
      "has_wool": "2023-05-29 19:11:54 -0700"
    },
    "done": true
  },
  "minecraft:recipes/building_blocks/white_concrete_powder": {
    "criteria": {
      "has_gravel": "2023-06-02 15:20:55 -0700"
    },
    "done": true
  },
  "minecraft:recipes/building_blocks/stone_brick_stairs_from_stone_stonecutting": {
    "criteria": {
      "has_stone": "2023-05-29 14:40:23 -0700"
    },
    "done": true
  },
  "computercraft:recipes/computercraft/wired_modem": {
    "criteria": {
      "has_computer": "2023-05-29 17:09:18 -0700"
    },
    "done": true
  },
  "create:recipes/create.base/crafting/kinetics/sequenced_gearshift": {
    "criteria": {
      "has_item": "2023-05-29 14:16:06 -0700"
    },
    "done": true
  },
  "minecraft:recipes/tools/diamond_pickaxe": {
    "criteria": {
      "has_diamond": "2023-05-29 20:20:14 -0700"
    },
    "done": true
  },
  "minecraft:adventure/kill_all_mobs": {
    "criteria": {
      "minecraft:pillager": "2023-05-29 20:34:17 -0700",
      "minecraft:vindicator": "2023-05-29 20:34:58 -0700",
      "minecraft:wither_skeleton": "2023-06-02 15:28:22 -0700",
      "minecraft:vex": "2023-06-02 15:28:11 -0700"
    },
    "done": false
  },
  "create:recipes/create.palettes/cut_andesite_brick_wall_from_andesite_stonecutting": {
    "criteria": {
      "has_andesite": "2023-05-29 14:10:32 -0700"
    },
    "done": true
  },
  "create:recipes/create.base/crafting/schematics/empty_schematic": {
    "criteria": {
      "has_item": "2023-05-29 14:03:59 -0700"
    },
    "done": true
  },
  "minecraft:recipes/redstone/redstone_block": {
    "criteria": {
      "has_redstone": "2023-05-29 15:55:21 -0700"
    },
    "done": true
  },
  "create:recipes/create.base/crafting/kinetics/yellow_valve_handle_from_other_valve_handle": {
    "criteria": {
      "has_valve": "2023-05-29 15:28:11 -0700"
    },
    "done": true
  },
  "create:recipes/create.base/crafting/kinetics/green_seat_from_other_seat": {
    "criteria": {
      "has_seat": "2023-05-29 16:51:22 -0700"
    },
    "done": true
  },
  "minecraft:recipes/building_blocks/lime_stained_glass": {
    "criteria": {
      "has_glass": "2023-05-29 20:48:55 -0700"
    },
    "done": true
  },
  "create:recipes/create.base/crafting/kinetics/mechanical_press": {
    "criteria": {
      "has_item": "2023-05-29 14:16:05 -0700"
    },
    "done": true
  },
  "minecraft:recipes/misc/iron_nugget_from_smelting": {
    "criteria": {
      "has_iron_chestplate": "2023-05-29 17:30:28 -0700"
    },
    "done": true
  },
  "minecraft:adventure/voluntary_exile": {
    "criteria": {
      "voluntary_exile": "2023-05-29 20:34:36 -0700"
    },
    "done": true
  },
  "minecraft:recipes/building_blocks/polished_diorite_stairs_from_polished_diorite_stonecutting": {
    "criteria": {
      "has_polished_diorite": "2023-06-02 15:35:17 -0700"
    },
    "done": true
  },
  "create:recipes/create.palettes/cut_andesite_stairs_from_andesite_stonecutting": {
    "criteria": {
      "has_andesite": "2023-05-29 14:10:32 -0700"
    },
    "done": true
  },
  "create:recipes/create.base/crafting/kinetics/speedometerfrom_conversion": {
    "criteria": {
      "has_item": "2023-05-29 14:58:46 -0700"
    },
    "done": true
  },
  "minecraft:recipes/decorations/chain": {
    "criteria": {
      "has_iron_nugget": "2023-05-29 14:42:53 -0700"
    },
    "done": true
  },
  "minecraft:recipes/building_blocks/polished_diorite_stairs": {
    "criteria": {
      "has_polished_diorite": "2023-06-02 15:35:17 -0700"
    },
    "done": true
  },
  "minecraft:recipes/misc/diamond_from_smelting_deepslate_diamond_ore": {
    "criteria": {
      "has_deepslate_diamond_ore": "2023-06-02 16:07:27 -0700"
    },
    "done": true
  },
  "create:recipes/create.base/crafting/kinetics/gearboxfrom_conversion": {
    "criteria": {
      "has_item": "2023-05-29 14:17:11 -0700"
    },
    "done": true
  },
  "create:stressometer_maxed": {
    "criteria": {
      "0": "2023-05-29 14:59:50 -0700"
    },
    "done": true
  },
  "create:recipes/create.base/crafting/kinetics/red_valve_handle_from_other_valve_handle": {
    "criteria": {
      "has_valve": "2023-05-29 15:28:11 -0700"
    },
    "done": true
  },
  "minecraft:recipes/misc/copper_ingot_from_smelting_copper_ore": {
    "criteria": {
      "has_copper_ore": "2023-05-29 19:07:31 -0700"
    },
    "done": true
  },
  "minecraft:recipes/decorations/oak_fence": {
    "criteria": {
      "has_planks": "2023-05-29 14:50:53 -0700"
    },
    "done": true
  },
  "create:recipes/create.base/crafting/kinetics/item_drain": {
    "criteria": {
      "has_item": "2023-05-29 20:32:42 -0700"
    },
    "done": true
  },
  "minecraft:recipes/building_blocks/light_blue_stained_glass": {
    "criteria": {
      "has_glass": "2023-05-29 20:48:55 -0700"
    },
    "done": true
  },
  "minecraft:recipes/food/baked_potato_from_campfire_cooking": {
    "criteria": {
      "has_potato": "2023-05-29 18:57:25 -0700"
    },
    "done": true
  },
  "minecraft:recipes/food/cooked_porkchop": {
    "criteria": {
      "has_porkchop": "2023-05-29 20:43:32 -0700"
    },
    "done": true
  },
  "minecraft:recipes/building_blocks/orange_concrete_powder": {
    "criteria": {
      "has_gravel": "2023-06-02 15:20:55 -0700"
    },
    "done": true
  },
  "createbigcannons:recipes/createbigcannons/mortar_stone": {
    "criteria": {
      "has_stone": "2023-05-29 14:10:32 -0700"
    },
    "done": true
  },
  "minecraft:recipes/building_blocks/oak_slab": {
    "criteria": {
      "has_planks": "2023-05-29 14:50:53 -0700"
    },
    "done": true
  },
  "create:recipes/create.base/crafting/kinetics/red_seat": {
    "criteria": {
      "has_wool": "2023-05-29 19:11:54 -0700"
    },
    "done": true
  },
  "minecraft:recipes/decorations/blue_stained_glass_pane": {
    "criteria": {
      "has_glass": "2023-05-29 20:28:23 -0700"
    },
    "done": true
  },
  "minecraft:recipes/food/cooked_porkchop_from_campfire_cooking": {
    "criteria": {
      "has_porkchop": "2023-05-29 20:43:32 -0700"
    },
    "done": true
  },
  "computercraft:recipes/computercraft/monitor_advanced": {
    "criteria": {
      "has_computer": "2023-05-29 17:09:18 -0700"
    },
    "done": true
  },
  "create:recipes/create.base/crafting/kinetics/mechanical_drill": {
    "criteria": {
      "has_item": "2023-05-29 14:16:05 -0700"
    },
    "done": true
  },
  "createbigcannons:recipes/createbigcannons/yaw_controller": {
    "criteria": {
      "has_cannon_mount": "2023-05-29 14:20:20 -0700"
    },
    "done": true
  },
  "minecraft:recipes/building_blocks/black_wool": {
    "criteria": {
      "has_white_wool": "2023-05-29 19:11:54 -0700"
    },
    "done": true
  },
  "create:recipes/create.base/crafting/kinetics/orange_seat_from_other_seat": {
    "criteria": {
      "has_seat": "2023-05-29 16:51:22 -0700"
    },
    "done": true
  },
  "create:recipes/create.base/crafting/kinetics/purple_seat_from_other_seat": {
    "criteria": {
      "has_seat": "2023-05-29 16:51:22 -0700"
    },
    "done": true
  },
  "minecraft:recipes/brewing/glass_bottle": {
    "criteria": {
      "has_glass": "2023-05-29 20:48:55 -0700"
    },
    "done": true
  },
  "minecraft:recipes/redstone/slime_block": {
    "criteria": {
      "has_slime_ball": "2023-05-29 14:23:09 -0700"
    },
    "done": true
  },
  "create:water_wheel": {
    "criteria": {
      "0": "2023-05-29 14:25:51 -0700"
    },
    "done": true
  },
  "create:mechanical_arm": {
    "criteria": {
      "0": "2023-06-02 15:06:41 -0700"
    },
    "done": true
  },
  "minecraft:nether/create_beacon": {
    "criteria": {
      "beacon": "2023-05-29 20:28:24 -0700"
    },
    "done": true
  },
  "create:recipes/create.palettes/small_andesite_brick_slab_from_andesite_stonecutting": {
    "criteria": {
      "has_andesite": "2023-05-29 14:10:32 -0700"
    },
    "done": true
  },
  "minecraft:recipes/building_blocks/polished_diorite_slab_from_polished_diorite_stonecutting": {
    "criteria": {
      "has_polished_diorite": "2023-06-02 15:35:17 -0700"
    },
    "done": true
  },
  "minecraft:recipes/building_blocks/mossy_stone_bricks_from_vine": {
    "criteria": {
      "has_vine": "2023-05-29 14:12:11 -0700"
    },
    "done": true
  },
  "minecraft:recipes/building_blocks/iron_block": {
    "criteria": {
      "has_iron_ingot": "2023-05-29 15:01:03 -0700"
    },
    "done": true
  },
  "create:recipes/create.base/crafting/kinetics/magenta_seat_from_other_seat": {
    "criteria": {
      "has_seat": "2023-05-29 16:51:22 -0700"
    },
    "done": true
  },
  "create:recipes/create.palettes/framed_glass_from_glass_colorless_stonecutting": {
    "criteria": {
      "has_glass_colorless": "2023-05-29 15:07:53 -0700"
    },
    "done": true
  },
  "minecraft:recipes/building_blocks/spruce_wood": {
    "criteria": {
      "has_log": "2023-05-29 20:19:54 -0700"
    },
    "done": true
  },
  "minecraft:recipes/misc/yellow_dye_from_dandelion": {
    "criteria": {
      "has_dandelion": "2023-05-29 14:25:32 -0700"
    },
    "done": true
  },
  "create:recipes/create.base/crafting/kinetics/lime_valve_handle_from_other_valve_handle": {
    "criteria": {
      "has_valve": "2023-05-29 15:28:11 -0700"
    },
    "done": true
  },
  "create:recipes/create.palettes/cut_andesite_slab_from_andesite_stonecutting": {
    "criteria": {
      "has_andesite": "2023-05-29 14:10:32 -0700"
    },
    "done": true
  },
  "minecraft:recipes/building_blocks/green_stained_glass": {
    "criteria": {
      "has_glass": "2023-05-29 20:48:55 -0700"
    },
    "done": true
  },
  "create:recipes/create.base/crafting/materials/red_sand_paper": {
    "criteria": {
      "has_item": "2023-05-29 14:03:59 -0700"
    },
    "done": true
  },
  "create:recipes/create.base/crafting/materials/andesite_alloy": {
    "criteria": {
      "has_item": "2023-05-29 15:01:03 -0700"
    },
    "done": true
  },
  "minecraft:recipes/building_blocks/light_blue_wool": {
    "criteria": {
      "has_white_wool": "2023-05-29 19:11:54 -0700"
    },
    "done": true
  },
  "minecraft:recipes/building_blocks/oak_planks": {
    "criteria": {
      "has_logs": "2023-06-02 15:24:43 -0700"
    },
    "done": true
  },
  "minecraft:recipes/building_blocks/gray_concrete_powder": {
    "criteria": {
      "has_gravel": "2023-06-02 15:20:55 -0700"
    },
    "done": true
  },
  "create:recipes/create.base/crafting/kinetics/cyan_seat": {
    "criteria": {
      "has_wool": "2023-05-29 19:11:54 -0700"
    },
    "done": true
  },
  "computercraft:recipes/computercraft/turtle_advanced": {
    "criteria": {
      "has_computer": "2023-05-29 17:09:18 -0700"
    },
    "done": true
  },
  "create:recipes/create.base/crafting/logistics/redstone_link": {
    "criteria": {
      "has_item": "2023-05-29 14:16:06 -0700"
    },
    "done": true
  },
  "create:recipes/create.base/crafting/kinetics/millstone": {
    "criteria": {
      "has_item": "2023-05-29 14:16:05 -0700"
    },
    "done": true
  },
  "minecraft:recipes/tools/iron_axe": {
    "criteria": {
      "has_iron_ingot": "2023-05-29 15:01:03 -0700"
    },
    "done": true
  },
  "minecraft:recipes/combat/iron_boots": {
    "criteria": {
      "has_iron_ingot": "2023-05-29 15:01:03 -0700"
    },
    "done": true
  },
  "create:speed_controller": {
    "criteria": {
      "0": "2023-05-29 14:59:39 -0700"
    },
    "done": true
  },
  "create:recipes/create.base/crafting/logistics/redstone_contact": {
    "criteria": {
      "has_item": "2023-05-29 14:16:06 -0700"
    },
    "done": true
  },
  "computercraft:recipes/computercraft/wired_modem_full_to": {
    "criteria": {
      "has_modem": "2023-05-29 17:09:21 -0700"
    },
    "done": true
  },
  "minecraft:recipes/building_blocks/black_concrete_powder": {
    "criteria": {
      "has_gravel": "2023-06-02 15:20:55 -0700"
    },
    "done": true
  },
  "minecraft:recipes/decorations/cartography_table": {
    "criteria": {
      "has_paper": "2023-05-29 14:03:59 -0700"
    },
    "done": true
  },
  "minecraft:recipes/redstone/stone_button": {
    "criteria": {
      "has_stone": "2023-05-29 14:40:23 -0700"
    },
    "done": true
  },
  "computercraft:recipes/computercraft/monitor_normal": {
    "criteria": {
      "has_computer": "2023-05-29 17:09:18 -0700"
    },
    "done": true
  },
  "minecraft:recipes/combat/iron_chestplate": {
    "criteria": {
      "has_iron_ingot": "2023-05-29 15:01:03 -0700"
    },
    "done": true
  },
  "minecraft:recipes/combat/crossbow": {
    "criteria": {
      "has_iron_ingot": "2023-05-29 15:01:03 -0700"
    },
    "done": true
  },
  "minecraft:recipes/redstone/spruce_pressure_plate": {
    "criteria": {
      "has_planks": "2023-05-29 14:02:10 -0700"
    },
    "done": true
  },
  "create:recipes/create.palettes/polished_cut_andesite_wall_from_andesite_stonecutting": {
    "criteria": {
      "has_andesite": "2023-05-29 14:10:32 -0700"
    },
    "done": true
  },
  "minecraft:recipes/building_blocks/yellow_wool": {
    "criteria": {
      "has_white_wool": "2023-05-29 19:11:54 -0700"
    },
    "done": true
  },
  "minecraft:recipes/decorations/oak_sign": {
    "criteria": {
      "has_planks": "2023-05-29 14:50:53 -0700"
    },
    "done": true
  },
  "minecraft:recipes/food/cooked_porkchop_from_smoking": {
    "criteria": {
      "has_porkchop": "2023-05-29 20:43:32 -0700"
    },
    "done": true
  },
  "minecraft:recipes/redstone/oak_trapdoor": {
    "criteria": {
      "has_planks": "2023-05-29 14:50:53 -0700"
    },
    "done": true
  },
  "create:recipes/create.base/crafting/appliances/tree_fertilizer": {
    "criteria": {
      "has_item": "2023-05-29 16:46:16 -0700"
    },
    "done": true
  },
  "create:recipes/create.base/crafting/kinetics/empty_blaze_burner": {
    "criteria": {
      "has_item": "2023-05-29 15:01:03 -0700"
    },
    "done": true
  },
  "minecraft:recipes/misc/gold_ingot_from_blasting_gold_ore": {
    "criteria": {
      "has_gold_ore": "2023-05-29 19:07:35 -0700"
    },
    "done": true
  },
  "create:recipes/create.palettes/spruce_window": {
    "criteria": {
      "has_ingredient": "2023-05-29 14:02:10 -0700"
    },
    "done": true
  },
  "minecraft:recipes/building_blocks/red_concrete_powder": {
    "criteria": {
      "has_gravel": "2023-06-02 15:20:55 -0700"
    },
    "done": true
  },
  "create:spout": {
    "criteria": {
      "0": "2023-05-28 21:04:04 -0700"
    },
    "done": true
  },
  "minecraft:recipes/misc/iron_nugget_from_blasting": {
    "criteria": {
      "has_iron_chestplate": "2023-05-29 17:30:28 -0700"
    },
    "done": true
  },
  "minecraft:adventure/kill_a_mob": {
    "criteria": {
      "minecraft:pillager": "2023-05-29 20:34:17 -0700"
    },
    "done": true
  },
  "create:recipes/create.base/crafting/kinetics/track_observer": {
    "criteria": {
      "has_item": "2023-05-29 16:21:20 -0700"
    },
    "done": true
  },
  "minecraft:recipes/building_blocks/polished_granite_stairs_from_polished_granite_stonecutting": {
    "criteria": {
      "has_polished_granite": "2023-06-02 15:54:33 -0700"
    },
    "done": true
  },
  "minecraft:recipes/redstone/sticky_piston": {
    "criteria": {
      "has_slime_ball": "2023-05-29 14:23:09 -0700"
    },
    "done": true
  },
  "minecraft:recipes/building_blocks/stone": {
    "criteria": {
      "has_cobblestone": "2023-05-29 14:07:24 -0700"
    },
    "done": true
  },
  "minecraft:recipes/decorations/stonecutter": {
    "criteria": {
      "has_stone": "2023-05-29 14:40:23 -0700"
    },
    "done": true
  },
  "minecraft:adventure/adventuring_time": {
    "criteria": {
      "minecraft:plains": "2023-05-28 20:50:11 -0700"
    },
    "done": false
  },
  "minecraft:recipes/misc/book": {
    "criteria": {
      "has_paper": "2023-05-29 14:03:59 -0700"
    },
    "done": true
  },
  "create:recipes/create.base/crafting/kinetics/white_seat_from_other_seat": {
    "criteria": {
      "has_seat": "2023-05-29 16:51:22 -0700"
    },
    "done": true
  },
  "create:recipes/create.palettes/cut_andesite_from_andesite_stonecutting": {
    "criteria": {
      "has_andesite": "2023-05-29 14:10:32 -0700"
    },
    "done": true
  },
  "minecraft:recipes/combat/stone_sword": {
    "criteria": {
      "has_cobblestone": "2023-05-29 14:07:24 -0700"
    },
    "done": true
  },
  "create:recipes/create.base/crafting/kinetics/controls": {
    "criteria": {
      "has_item": "2023-05-29 16:21:20 -0700"
    },
    "done": true
  },
  "minecraft:recipes/decorations/barrel": {
    "criteria": {
      "has_planks": "2023-05-29 14:02:10 -0700"
    },
    "done": true
  },
  "minecraft:recipes/decorations/cobblestone_wall": {
    "criteria": {
      "has_cobblestone": "2023-05-29 14:07:24 -0700"
    },
    "done": true
  },
  "create:recipes/create.palettes/cut_andesite_brick_slab_from_andesite_stonecutting": {
    "criteria": {
      "has_andesite": "2023-05-29 14:10:32 -0700"
    },
    "done": true
  },
  "minecraft:recipes/tools/stone_pickaxe": {
    "criteria": {
      "has_cobblestone": "2023-05-29 14:07:24 -0700"
    },
    "done": true
  },
  "minecraft:recipes/decorations/smithing_table": {
    "criteria": {
      "has_iron_ingot": "2023-05-29 15:01:03 -0700"
    },
    "done": true
  },
  "create:recipes/create.base/crafting/schematics/schematicannon": {
    "criteria": {
      "has_item": "2023-05-28 20:51:13 -0700"
    },
    "done": true
  },
  "minecraft:recipes/redstone/stone_pressure_plate": {
    "criteria": {
      "has_stone": "2023-05-29 14:40:23 -0700"
    },
    "done": true
  },
  "minecraft:recipes/building_blocks/brown_stained_glass": {
    "criteria": {
      "has_glass": "2023-05-29 20:48:55 -0700"
    },
    "done": true
  },
  "minecraft:recipes/decorations/cobblestone_wall_from_cobblestone_stonecutting": {
    "criteria": {
      "has_cobblestone": "2023-05-29 14:07:24 -0700"
    },
    "done": true
  },
  "create:recipes/create.base/crafting/kinetics/portable_fluid_interface": {
    "criteria": {
      "has_item": "2023-05-29 20:32:42 -0700"
    },
    "done": true
  },
  "minecraft:recipes/building_blocks/light_gray_stained_glass": {
    "criteria": {
      "has_glass": "2023-05-29 20:48:55 -0700"
    },
    "done": true
  },
  "minecraft:recipes/building_blocks/diamond_block": {
    "criteria": {
      "has_diamond": "2023-05-29 20:20:14 -0700"
    },
    "done": true
  },
  "computercraft:recipes/computercraft/wired_modem_full_from": {
    "criteria": {
      "has_modem": "2023-05-29 17:09:21 -0700"
    },
    "done": true
  },
  "minecraft:recipes/misc/raw_iron": {
    "criteria": {
      "has_raw_iron_block": "2023-05-29 16:52:10 -0700"
    },
    "done": true
  },
  "minecraft:recipes/decorations/red_stained_glass_pane": {
    "criteria": {
      "has_glass": "2023-05-29 20:51:55 -0700"
    },
    "done": true
  },
  "createbigcannons:recipes/createbigcannons/cannon_builder": {
    "criteria": {
      "has_piston_extension_pole": "2023-05-29 15:28:35 -0700"
    },
    "done": true
  },
  "minecraft:recipes/food/dried_kelp_from_campfire_cooking": {
    "criteria": {
      "has_kelp": "2023-06-02 16:06:25 -0700"
    },
    "done": true
  },
  "create:recipes/create.base/crafting/kinetics/white_seat": {
    "criteria": {
      "has_wool": "2023-05-29 19:11:54 -0700"
    },
    "done": true
  },
  "alloyed:recipes/main_group/crafting/steel_sheet_slab": {
    "criteria": {
      "has_ingredient": "2023-06-02 16:09:37 -0700"
    },
    "done": true
  },
  "minecraft:recipes/misc/iron_ingot_from_smelting_iron_ore": {
    "criteria": {
      "has_iron_ore": "2023-05-29 14:08:10 -0700"
    },
    "done": true
  },
  "computercraft:recipes/computercraft/wireless_modem_advanced": {
    "criteria": {
      "has_computer": "2023-05-29 17:09:18 -0700"
    },
    "done": true
  },
  "minecraft:recipes/decorations/lantern": {
    "criteria": {
      "has_iron_nugget": "2023-05-29 14:42:53 -0700"
    },
    "done": true
  },
  "create:recipes/create.base/crafting/kinetics/mechanical_arm": {
    "criteria": {
      "has_item": "2023-05-29 14:16:06 -0700"
    },
    "done": true
  },
  "create:recipes/create.base/crafting/kinetics/vertical_gearboxfrom_conversion": {
    "criteria": {
      "has_item": "2023-05-29 14:17:10 -0700"
    },
    "done": true
  },
  "minecraft:recipes/decorations/andesite_wall": {
    "criteria": {
      "has_andesite": "2023-05-29 14:10:32 -0700"
    },
    "done": true
  },
  "minecraft:recipes/building_blocks/light_gray_wool": {
    "criteria": {
      "has_white_wool": "2023-05-29 19:11:54 -0700"
    },
    "done": true
  },
  "minecraft:recipes/building_blocks/andesite_slab": {
    "criteria": {
      "has_andesite": "2023-05-29 14:10:32 -0700"
    },
    "done": true
  },
  "minecraft:recipes/building_blocks/red_wool": {
    "criteria": {
      "has_white_wool": "2023-05-29 19:11:54 -0700"
    },
    "done": true
  },
  "create:water_supply": {
    "criteria": {
      "0": "2023-06-02 15:55:17 -0700"
    },
    "done": true
  },
  "minecraft:recipes/tools/stone_axe": {
    "criteria": {
      "has_cobblestone": "2023-05-29 14:07:24 -0700"
    },
    "done": true
  },
  "computercraft:recipes/computercraft/turtle_normal": {
    "criteria": {
      "has_computer": "2023-05-29 17:09:18 -0700"
    },
    "done": true
  },
  "create:recipes/create.base/crafting/kinetics/nixie_tube": {
    "criteria": {
      "has_item": "2023-05-29 14:16:06 -0700"
    },
    "done": true
  },
  "minecraft:recipes/building_blocks/purple_wool": {
    "criteria": {
      "has_white_wool": "2023-05-29 19:11:54 -0700"
    },
    "done": true
  },
  "minecraft:recipes/building_blocks/cobblestone_stairs_from_cobblestone_stonecutting": {
    "criteria": {
      "has_cobblestone": "2023-05-29 14:07:24 -0700"
    },
    "done": true
  },
  "create:recipes/create.base/crafting/kinetics/gray_seat_from_other_seat": {
    "criteria": {
      "has_seat": "2023-05-29 16:51:22 -0700"
    },
    "done": true
  },
  "minecraft:recipes/building_blocks/magenta_concrete_powder": {
    "criteria": {
      "has_gravel": "2023-06-02 15:20:55 -0700"
    },
    "done": true
  },
  "create:recipes/create.palettes/horizontal_framed_glass_from_glass_colorless_stonecutting": {
    "criteria": {
      "has_glass_colorless": "2023-05-29 15:07:53 -0700"
    },
    "done": true
  },
  "create:recipes/create.base/crafting/kinetics/blue_seat": {
    "criteria": {
      "has_wool": "2023-05-29 19:11:54 -0700"
    },
    "done": true
  },
  "createbigcannons:recipes/createbigcannons/proximity_fuze": {
    "criteria": {
      "has_iron_bars": "2023-05-29 15:30:06 -0700"
    },
    "done": true
  },
  "minecraft:recipes/building_blocks/polished_andesite_stairs_from_andesite_stonecutting": {
    "criteria": {
      "has_andesite": "2023-05-29 14:10:32 -0700"
    },
    "done": true
  },
  "create:recipes/create.base/crafting/kinetics/gantry_carriage": {
    "criteria": {
      "has_item": "2023-05-29 14:16:05 -0700"
    },
    "done": true
  },
  "minecraft:recipes/decorations/white_bed": {
    "criteria": {
      "has_white_wool": "2023-05-29 19:11:54 -0700"
    },
    "done": true
  },
  "create:recipes/create.base/crafting/kinetics/mechanical_piston": {
    "criteria": {
      "has_item": "2023-05-29 14:16:05 -0700"
    },
    "done": true
  },
  "minecraft:recipes/redstone/redstone": {
    "criteria": {
      "has_redstone_block": "2023-05-29 15:43:33 -0700"
    },
    "done": true
  },
  "minecraft:recipes/decorations/campfire": {
    "criteria": {
      "has_coal": "2023-06-02 15:59:17 -0700"
    },
    "done": true
  },
  "minecraft:recipes/food/bread": {
    "criteria": {
      "has_wheat": "2023-05-29 20:44:26 -0700"
    },
    "done": true
  },
  "minecraft:recipes/building_blocks/smooth_stone": {
    "criteria": {
      "has_stone": "2023-05-29 14:40:23 -0700"
    },
    "done": true
  },
  "minecraft:recipes/misc/iron_nugget": {
    "criteria": {
      "has_iron_ingot": "2023-05-29 15:01:03 -0700"
    },
    "done": true
  },
  "minecraft:recipes/building_blocks/stone_slab_from_stone_stonecutting": {
    "criteria": {
      "has_stone": "2023-05-29 14:40:23 -0700"
    },
    "done": true
  },
  "minecraft:recipes/building_blocks/brown_concrete_powder": {
    "criteria": {
      "has_gravel": "2023-06-02 15:20:55 -0700"
    },
    "done": true
  },
  "createbigcannons:recipes/createbigcannons/shot_balls": {
    "criteria": {
      "has_iron_nugget": "2023-05-29 14:42:53 -0700"
    },
    "done": true
  },
  "create:recipes/create.base/crafting/kinetics/pink_seat_from_other_seat": {
    "criteria": {
      "has_seat": "2023-05-29 16:51:22 -0700"
    },
    "done": true
  },
  "create:glass_pipe": {
    "criteria": {
      "0": "2023-05-29 17:27:34 -0700"
    },
    "done": true
  },
  "create:recipes/create.base/crafting/kinetics/weighted_ejector": {
    "criteria": {
      "has_item": "2023-05-29 14:16:05 -0700"
    },
    "done": true
  },
  "minecraft:recipes/combat/diamond_sword": {
    "criteria": {
      "has_diamond": "2023-05-29 20:20:14 -0700"
    },
    "done": true
  },
  "minecraft:recipes/decorations/cyan_stained_glass_pane": {
    "criteria": {
      "has_glass": "2023-05-29 20:28:42 -0700"
    },
    "done": true
  },
  "minecraft:recipes/building_blocks/blue_stained_glass": {
    "criteria": {
      "has_glass": "2023-05-29 20:48:55 -0700"
    },
    "done": true
  },
  "minecraft:recipes/misc/copper_ingot_from_smelting_deepslate_copper_ore": {
    "criteria": {
      "has_deepslate_copper_ore": "2023-05-29 15:00:41 -0700"
    },
    "done": true
  },
  "createbigcannons:recipes/createbigcannons/cannon_loader": {
    "criteria": {
      "has_piston_extension_pole": "2023-05-29 15:28:35 -0700"
    },
    "done": true
  },
  "minecraft:recipes/building_blocks/cyan_wool": {
    "criteria": {
      "has_white_wool": "2023-05-29 19:11:54 -0700"
    },
    "done": true
  },
  "minecraft:recipes/misc/white_dye": {
    "criteria": {
      "has_bone_meal": "2023-05-29 16:46:16 -0700"
    },
    "done": true
  },
  "create:recipes/create.palettes/small_andesite_brick_stairs_from_andesite_stonecutting": {
    "criteria": {
      "has_andesite": "2023-05-29 14:10:32 -0700"
    },
    "done": true
  },
  "createbigcannons:recipes/createbigcannons/basin_foundry_lid": {
    "criteria": {
      "has_basin": "2023-05-29 14:30:59 -0700"
    },
    "done": true
  },
  "create:recipes/building_blocks/smelting/glass_from_framed_glass": {
    "criteria": {
      "has_item": "2023-05-29 15:07:53 -0700"
    },
    "done": true
  },
  "create:recipes/create.base/crafting/kinetics/black_valve_handle_from_other_valve_handle": {
    "criteria": {
      "has_valve": "2023-05-29 15:28:11 -0700"
    },
    "done": true
  },
  "minecraft:recipes/transportation/spruce_boat": {
    "criteria": {
      "in_water": "2023-05-29 15:33:36 -0700"
    },
    "done": true
  },
  "minecraft:recipes/decorations/jukebox": {
    "criteria": {
      "has_diamond": "2023-05-29 20:20:14 -0700"
    },
    "done": true
  },
  "create:recipes/create.base/crafting/kinetics/framed_glass_trapdoor": {
    "criteria": {
      "has_item": "2023-05-29 15:07:53 -0700"
    },
    "done": true
  },
  "create:recipes/create.palettes/oak_window": {
    "criteria": {
      "has_ingredient": "2023-05-29 14:50:53 -0700"
    },
    "done": true
  },
  "create:recipes/create.base/crafting/kinetics/mechanical_plough": {
    "criteria": {
      "has_item": "2023-05-29 14:16:05 -0700"
    },
    "done": true
  },
  "minecraft:recipes/misc/red_dye_from_beetroot": {
    "criteria": {
      "has_beetroot": "2023-05-29 18:58:15 -0700"
    },
    "done": true
  },
  "create:recipes/create.base/crafting/kinetics/rotation_speed_controller": {
    "criteria": {
      "has_item": "2023-05-29 14:16:06 -0700"
    },
    "done": true
  },
  "create:recipes/create.base/crafting/kinetics/blue_valve_handle_from_other_valve_handle": {
    "criteria": {
      "has_valve": "2023-05-29 15:28:11 -0700"
    },
    "done": true
  },
  "create:recipes/create.base/crafting/kinetics/green_valve_handle_from_other_valve_handle": {
    "criteria": {
      "has_valve": "2023-05-29 15:28:11 -0700"
    },
    "done": true
  },
  "create:compacting": {
    "criteria": {
      "0": "2023-05-29 14:58:15 -0700"
    },
    "done": true
  },
  "minecraft:recipes/building_blocks/gray_wool": {
    "criteria": {
      "has_white_wool": "2023-05-29 19:11:54 -0700"
    },
    "done": true
  },
  "minecraft:recipes/misc/sugar_from_sugar_cane": {
    "criteria": {
      "has_sugar_cane": "2023-06-02 16:06:23 -0700"
    },
    "done": true
  },
  "minecraft:recipes/misc/iron_ingot_from_blasting_iron_ore": {
    "criteria": {
      "has_iron_ore": "2023-05-29 14:08:10 -0700"
    },
    "done": true
  },
  "create:recipes/create.palettes/vertical_framed_glass_from_glass_colorless_stonecutting": {
    "criteria": {
      "has_glass_colorless": "2023-05-29 15:07:53 -0700"
    },
    "done": true
  },
  "minecraft:husbandry/balanced_diet": {
    "criteria": {
      "golden_carrot": "2023-05-29 20:41:07 -0700"
    },
    "done": false
  },
  "minecraft:recipes/misc/bucket": {
    "criteria": {
      "has_iron_ingot": "2023-05-29 15:01:03 -0700"
    },
    "done": true
  },
  "minecraft:recipes/building_blocks/cobblestone_stairs": {
    "criteria": {
      "has_cobblestone": "2023-05-29 14:07:24 -0700"
    },
    "done": true
  },
  "minecraft:recipes/misc/copper_ingot_from_blasting_copper_ore": {
    "criteria": {
      "has_copper_ore": "2023-05-29 19:07:31 -0700"
    },
    "done": true
  },
  "create:recipes/create.base/crafting/logistics/powered_toggle_latch": {
    "criteria": {
      "has_item": "2023-05-29 15:55:21 -0700"
    },
    "done": true
  },
  "minecraft:recipes/redstone/note_block": {
    "criteria": {
      "has_redstone": "2023-05-29 15:55:21 -0700"
    },
    "done": true
  },
  "computercraft:recipes/computercraft/speaker": {
    "criteria": {
      "has_computer": "2023-05-29 17:09:18 -0700"
    },
    "done": true
  },
  "create:burner": {
    "criteria": {
      "0": "2023-06-02 15:59:11 -0700"
    },
    "done": true
  },
  "minecraft:recipes/decorations/white_banner": {
    "criteria": {
      "has_white_wool": "2023-05-29 19:11:54 -0700"
    },
    "done": true
  },
  "create:recipes/create.base/crafting/kinetics/purple_seat": {
    "criteria": {
      "has_wool": "2023-05-29 19:11:54 -0700"
    },
    "done": true
  },
  "minecraft:recipes/building_blocks/light_blue_concrete_powder": {
    "criteria": {
      "has_gravel": "2023-06-02 15:20:55 -0700"
    },
    "done": true
  },
  "create:recipes/create.base/crafting/kinetics/red_seat_from_other_seat": {
    "criteria": {
      "has_seat": "2023-05-29 16:51:22 -0700"
    },
    "done": true
  },
  "create:recipes/create.base/crafting/kinetics/mechanical_saw": {
    "criteria": {
      "has_item": "2023-05-29 14:16:05 -0700"
    },
    "done": true
  },
  "minecraft:recipes/building_blocks/hay_block": {
    "criteria": {
      "has_wheat": "2023-05-29 20:44:26 -0700"
    },
    "done": true
  },
  "minecraft:recipes/combat/iron_helmet": {
    "criteria": {
      "has_iron_ingot": "2023-05-29 15:01:03 -0700"
    },
    "done": true
  },
  "minecraft:recipes/redstone/oak_fence_gate": {
    "criteria": {
      "has_planks": "2023-05-29 14:50:53 -0700"
    },
    "done": true
  },
  "minecraft:recipes/building_blocks/purple_concrete_powder": {
    "criteria": {
      "has_gravel": "2023-06-02 15:20:55 -0700"
    },
    "done": true
  },
  "minecraft:recipes/building_blocks/smooth_stone_slab": {
    "criteria": {
      "has_smooth_stone": "2023-05-29 17:33:24 -0700"
    },
    "done": true
  },
  "minecraft:recipes/combat/diamond_chestplate": {
    "criteria": {
      "has_diamond": "2023-05-29 20:20:14 -0700"
    },
    "done": true
  },
  "minecraft:story/mine_stone": {
    "criteria": {
      "get_stone": "2023-05-29 14:07:24 -0700"
    },
    "done": true
  },
  "create:recipes/create.base/crafting/kinetics/depot": {
    "criteria": {
      "has_item": "2023-05-29 14:16:05 -0700"
    },
    "done": true
  },
  "minecraft:recipes/redstone/target": {
    "criteria": {
      "has_redstone": "2023-05-29 15:55:21 -0700"
    },
    "done": true
  },
  "minecraft:recipes/decorations/furnace": {
    "criteria": {
      "has_cobblestone": "2023-05-29 14:07:24 -0700"
    },
    "done": true
  },
  "minecraft:recipes/transportation/minecart": {
    "criteria": {
      "has_iron_ingot": "2023-05-29 15:01:03 -0700"
    },
    "done": true
  },
  "minecraft:recipes/misc/beacon": {
    "criteria": {
      "has_nether_star": "2023-05-29 18:42:17 -0700"
    },
    "done": true
  },
  "minecraft:recipes/food/beetroot_soup": {
    "criteria": {
      "has_beetroot": "2023-05-29 18:58:15 -0700"
    },
    "done": true
  },
  "minecraft:recipes/building_blocks/andesite_stairs": {
    "criteria": {
      "has_andesite": "2023-05-29 14:10:32 -0700"
    },
    "done": true
  },
  "minecraft:recipes/misc/charcoal": {
    "criteria": {
      "has_log": "2023-05-29 20:19:54 -0700"
    },
    "done": true
  },
  "computercraft:recipes/computercraft/computer_normal": {
    "criteria": {
      "has_redstone": "2023-05-29 15:55:21 -0700"
    },
    "done": true
  },
  "minecraft:recipes/building_blocks/orange_wool": {
    "criteria": {
      "has_white_wool": "2023-05-29 19:11:54 -0700"
    },
    "done": true
  },
  "minecraft:recipes/tools/iron_hoe": {
    "criteria": {
      "has_iron_ingot": "2023-05-29 15:01:03 -0700"
    },
    "done": true
  },
  "create:recipes/create.base/crafting/kinetics/portable_storage_interface": {
    "criteria": {
      "has_item": "2023-05-29 14:16:05 -0700"
    },
    "done": true
  },
  "create:recipes/create.base/crafting/kinetics/light_blue_seat_from_other_seat": {
    "criteria": {
      "has_seat": "2023-05-29 16:51:22 -0700"
    },
    "done": true
  },
  "minecraft:recipes/redstone/redstone_torch": {
    "criteria": {
      "has_redstone": "2023-05-29 15:55:21 -0700"
    },
    "done": true
  },
  "minecraft:husbandry/root": {
    "criteria": {
      "consumed_item": "2023-05-29 20:41:07 -0700"
    },
    "done": true
  },
  "minecraft:recipes/building_blocks/stone_brick_slab": {
    "criteria": {
      "has_stone_bricks": "2023-06-02 14:57:58 -0700"
    },
    "done": true
  },
  "create:recipes/create.base/crafting/kinetics/pink_valve_handle_from_other_valve_handle": {
    "criteria": {
      "has_valve": "2023-05-29 15:28:11 -0700"
    },
    "done": true
  },
  "minecraft:recipes/transportation/birch_boat": {
    "criteria": {
      "in_water": "2023-05-29 15:33:36 -0700"
    },
    "done": true
  },
  "create:recipes/create.base/crafting/kinetics/black_seat_from_other_seat": {
    "criteria": {
      "has_seat": "2023-05-29 16:51:22 -0700"
    },
    "done": true
  },
  "minecraft:recipes/building_blocks/green_concrete_powder": {
    "criteria": {
      "has_gravel": "2023-06-02 15:20:55 -0700"
    },
    "done": true
  },
  "minecraft:recipes/building_blocks/polished_andesite_from_andesite_stonecutting": {
    "criteria": {
      "has_andesite": "2023-05-29 14:10:32 -0700"
    },
    "done": true
  },
  "create:shifting_gears": {
    "criteria": {
      "0": "2023-05-29 14:26:24 -0700"
    },
    "done": true
  },
  "minecraft:recipes/tools/iron_shovel": {
    "criteria": {
      "has_iron_ingot": "2023-05-29 15:01:03 -0700"
    },
    "done": true
  },
  "create:recipes/create.palettes/polished_cut_andesite_slab_from_andesite_stonecutting": {
    "criteria": {
      "has_andesite": "2023-05-29 14:10:32 -0700"
    },
    "done": true
  },
  "create:recipes/create.base/crafting/appliances/linked_controller": {
    "criteria": {
      "has_item": "2023-05-29 15:55:05 -0700"
    },
    "done": true
  },
  "minecraft:recipes/building_blocks/orange_stained_glass": {
    "criteria": {
      "has_glass": "2023-05-29 20:48:55 -0700"
    },
    "done": true
  },
  "createbigcannons:recipes/createbigcannons/quickfiring_mechanism": {
    "criteria": {
      "has_lever": "2023-05-29 14:20:45 -0700"
    },
    "done": true
  },
  "create:recipes/create.base/crafting/kinetics/brown_seat": {
    "criteria": {
      "has_wool": "2023-05-29 19:11:54 -0700"
    },
    "done": true
  },
  "minecraft:recipes/tools/stone_hoe": {
    "criteria": {
      "has_cobblestone": "2023-05-29 14:07:24 -0700"
    },
    "done": true
  },
  "minecraft:recipes/tools/clock": {
    "criteria": {
      "has_redstone": "2023-05-29 15:55:21 -0700"
    },
    "done": true
  },
  "alloyed:recipes/main_group/crafting/steel_sheet_stairs": {
    "criteria": {
      "has_ingredient": "2023-06-02 16:09:37 -0700"
    },
    "done": true
  },
  "minecraft:recipes/decorations/spruce_fence": {
    "criteria": {
      "has_planks": "2023-05-29 14:02:10 -0700"
    },
    "done": true
  },
  "minecraft:recipes/food/baked_potato_from_smoking": {
    "criteria": {
      "has_potato": "2023-05-29 18:57:25 -0700"
    },
    "done": true
  },
  "minecraft:recipes/tools/diamond_hoe": {
    "criteria": {
      "has_diamond": "2023-05-29 20:20:14 -0700"
    },
    "done": true
  },
  "minecraft:recipes/tools/diamond_shovel": {
    "criteria": {
      "has_diamond": "2023-05-29 20:20:14 -0700"
    },
    "done": true
  },
  "minecraft:recipes/building_blocks/polished_granite_slab_from_polished_granite_stonecutting": {
    "criteria": {
      "has_polished_granite": "2023-06-02 15:54:33 -0700"
    },
    "done": true
  },
  "computercraft:recipes/computercraft/wireless_modem_normal": {
    "criteria": {
      "has_computer": "2023-05-29 17:09:18 -0700"
    },
    "done": true
  },
  "create:recipes/create.base/crafting/kinetics/spout": {
    "criteria": {
      "has_item": "2023-05-29 20:32:42 -0700"
    },
    "done": true
  },
  "minecraft:recipes/food/baked_potato": {
    "criteria": {
      "has_potato": "2023-05-29 18:57:25 -0700"
    },
    "done": true
  },
  "minecraft:recipes/decorations/white_carpet": {
    "criteria": {
      "has_white_wool": "2023-05-29 19:11:54 -0700"
    },
    "done": true
  },
  "minecraft:recipes/building_blocks/spruce_stairs": {
    "criteria": {
      "has_planks": "2023-05-29 14:02:10 -0700"
    },
    "done": true
  },
  "create:recipes/create.base/crafting/materials/rose_quartz": {
    "criteria": {
      "has_item": "2023-05-29 15:55:21 -0700"
    },
    "done": true
  },
  "minecraft:recipes/decorations/glass_pane": {
    "criteria": {
      "has_glass": "2023-05-29 20:48:55 -0700"
    },
    "done": true
  },
  "create:root": {
    "criteria": {
      "0": "2023-05-28 20:51:13 -0700"
    },
    "done": true
  },
  "minecraft:recipes/building_blocks/magenta_stained_glass": {
    "criteria": {
      "has_glass": "2023-05-29 20:48:55 -0700"
    },
    "done": true
  },
  "minecraft:story/mine_diamond": {
    "criteria": {
      "diamond": "2023-05-29 20:20:14 -0700"
    },
    "done": true
  },
  "minecraft:recipes/combat/diamond_helmet": {
    "criteria": {
      "has_diamond": "2023-05-29 20:20:14 -0700"
    },
    "done": true
  },
  "createbigcannons:recipes/createbigcannons/cannon_drill": {
    "criteria": {
      "has_piston_extension_pole": "2023-05-29 15:28:35 -0700"
    },
    "done": true
  },
  "minecraft:recipes/transportation/oak_boat": {
    "criteria": {
      "in_water": "2023-05-29 15:33:36 -0700"
    },
    "done": true
  },
  "create:belt": {
    "criteria": {
      "0": "2023-05-29 14:47:38 -0700"
    },
    "done": true
  },
  "minecraft:recipes/decorations/anvil": {
    "criteria": {
      "has_iron_block": "2023-05-29 15:01:05 -0700"
    },
    "done": true
  },
  "create:recipes/create.base/crafting/kinetics/yellow_seat_from_other_seat": {
    "criteria": {
      "has_seat": "2023-05-29 16:51:22 -0700"
    },
    "done": true
  },
  "minecraft:recipes/building_blocks/cyan_concrete_powder": {
    "criteria": {
      "has_gravel": "2023-06-02 15:20:55 -0700"
    },
    "done": true
  },
  "minecraft:recipes/building_blocks/stone_brick_stairs": {
    "criteria": {
      "has_stone_bricks": "2023-06-02 14:57:58 -0700"
    },
    "done": true
  },
  "minecraft:recipes/building_blocks/smooth_stone_slab_from_smooth_stone_stonecutting": {
    "criteria": {
      "has_smooth_stone": "2023-05-29 17:33:24 -0700"
    },
    "done": true
  },
  "computercraft:recipes/computercraft/printer": {
    "criteria": {
      "has_computer": "2023-05-29 17:09:18 -0700"
    },
    "done": true
  },
  "create:recipes/create.base/crafting/kinetics/lime_seat_from_other_seat": {
    "criteria": {
      "has_seat": "2023-05-29 16:51:22 -0700"
    },
    "done": true
  },
  "create:recipes/create.base/smelting/zinc_ingot_from_ore": {
    "criteria": {
      "has_item": "2023-05-29 19:07:38 -0700"
    },
    "done": true
  },
  "minecraft:recipes/decorations/spruce_sign": {
    "criteria": {
      "has_planks": "2023-05-29 14:02:10 -0700"
    },
    "done": true
  },
  "create:deployer": {
    "criteria": {
      "0": "2023-05-29 14:26:10 -0700"
    },
    "done": true
  },
  "minecraft:recipes/building_blocks/lime_wool": {
    "criteria": {
      "has_white_wool": "2023-05-29 19:11:54 -0700"
    },
    "done": true
  },
  "minecraft:recipes/misc/paper": {
    "criteria": {
      "has_reeds": "2023-06-02 16:06:23 -0700"
    },
    "done": true
  },
  "minecraft:recipes/misc/gold_ingot_from_smelting_gold_ore": {
    "criteria": {
      "has_gold_ore": "2023-05-29 19:07:35 -0700"
    },
    "done": true
  },
  "minecraft:recipes/building_blocks/stone_bricks_from_stone_stonecutting": {
    "criteria": {
      "has_stone": "2023-05-29 14:40:23 -0700"
    },
    "done": true
  },
  "minecraft:recipes/building_blocks/green_wool": {
    "criteria": {
      "has_white_wool": "2023-05-29 19:11:54 -0700"
    },
    "done": true
  },
  "create:recipes/create.base/crafting/kinetics/gearbox": {
    "criteria": {
      "has_item": "2023-05-29 14:26:01 -0700"
    },
    "done": true
  },
  "minecraft:recipes/tools/diamond_axe": {
    "criteria": {
      "has_diamond": "2023-05-29 20:20:14 -0700"
    },
    "done": true
  },
  "minecraft:recipes/building_blocks/brown_wool": {
    "criteria": {
      "has_white_wool": "2023-05-29 19:11:54 -0700"
    },
    "done": true
  },
  "computercraft:recipes/computercraft/pocket_computer_normal": {
    "criteria": {
      "has_computer": "2023-05-29 17:09:18 -0700"
    },
    "done": true
  },
  "create:recipes/create.base/crafting/kinetics/brown_seat_from_other_seat": {
    "criteria": {
      "has_seat": "2023-05-29 16:51:22 -0700"
    },
    "done": true
  },
  "create:recipes/create.base/crafting/kinetics/light_blue_seat": {
    "criteria": {
      "has_wool": "2023-05-29 19:11:54 -0700"
    },
    "done": true
  },
  "create:recipes/create.base/crafting/kinetics/white_valve_handle_from_other_valve_handle": {
    "criteria": {
      "has_valve": "2023-05-29 15:28:11 -0700"
    },
    "done": true
  },
  "create:recipes/create.base/crafting/schematics/schematic_and_quill": {
    "criteria": {
      "has_item": "2023-05-29 14:03:59 -0700"
    },
    "done": true
  },
  "minecraft:recipes/decorations/painting": {
    "criteria": {
      "has_wool": "2023-05-29 19:11:54 -0700"
    },
    "done": true
  },
  "create:stressometer": {
    "criteria": {
      "0": "2023-05-29 14:59:50 -0700"
    },
    "done": true
  },
  "minecraft:recipes/building_blocks/white_stained_glass": {
    "criteria": {
      "has_glass": "2023-05-29 20:48:55 -0700"
    },
    "done": true
  },
  "create:potato_cannon": {
    "criteria": {
      "0": "2023-05-29 20:40:16 -0700"
    },
    "done": true
  },
  "create:recipes/create.base/crafting/kinetics/orange_seat": {
    "criteria": {
      "has_wool": "2023-05-29 19:11:54 -0700"
    },
    "done": true
  },
  "minecraft:recipes/misc/nether_brick": {
    "criteria": {
      "has_netherrack": "2023-06-02 15:43:14 -0700"
    },
    "done": true
  },
  "minecraft:recipes/building_blocks/andesite_slab_from_andesite_stonecutting": {
    "criteria": {
      "has_andesite": "2023-05-29 14:10:32 -0700"
    },
    "done": true
  },
  "minecraft:recipes/building_blocks/stone_slab": {
    "criteria": {
      "has_stone": "2023-05-29 14:40:23 -0700"
    },
    "done": true
  },
  "minecraft:recipes/building_blocks/coal_block": {
    "criteria": {
      "has_coal": "2023-06-02 15:59:17 -0700"
    },
    "done": true
  },
  "create:recipes/create.base/crafting/kinetics/gray_seat": {
    "criteria": {
      "has_wool": "2023-05-29 19:11:54 -0700"
    },
    "done": true
  },
  "create:recipes/create.base/crafting/kinetics/magenta_seat": {
    "criteria": {
      "has_wool": "2023-05-29 19:11:54 -0700"
    },
    "done": true
  },
  "minecraft:recipes/tools/stone_shovel": {
    "criteria": {
      "has_cobblestone": "2023-05-29 14:07:24 -0700"
    },
    "done": true
  },
  "minecraft:recipes/building_blocks/blue_concrete_powder": {
    "criteria": {
      "has_gravel": "2023-06-02 15:20:55 -0700"
    },
    "done": true
  },
  "minecraft:recipes/building_blocks/cyan_stained_glass": {
    "criteria": {
      "has_glass": "2023-05-29 20:48:55 -0700"
    },
    "done": true
  },
  "minecraft:recipes/building_blocks/spruce_slab": {
    "criteria": {
      "has_planks": "2023-05-29 14:02:10 -0700"
    },
    "done": true
  },
  "create:recipes/create.base/crafting/schematics/schematic_table": {
    "criteria": {
      "has_item": "2023-05-28 20:51:13 -0700"
    },
    "done": true
  },
  "create:recipes/create.base/crafting/kinetics/framed_glass_door": {
    "criteria": {
      "has_item": "2023-05-29 15:07:53 -0700"
    },
    "done": true
  },
  "alloyed:recipes/main_group/stonecutting/steel_sheet_stairs_from_steel_sheet_metal": {
    "criteria": {
      "has_ingredient": "2023-06-02 16:09:37 -0700"
    },
    "done": true
  },
  "minecraft:recipes/tools/lead": {
    "criteria": {
      "has_slime_ball": "2023-05-29 14:23:09 -0700"
    },
    "done": true
  },
  "create:recipes/create.palettes/cut_andesite_bricks_from_andesite_stonecutting": {
    "criteria": {
      "has_andesite": "2023-05-29 14:10:32 -0700"
    },
    "done": true
  },
  "minecraft:recipes/redstone/oak_pressure_plate": {
    "criteria": {
      "has_planks": "2023-05-29 14:50:53 -0700"
    },
    "done": true
  },
  "create:recipes/create.base/crafting/kinetics/orange_valve_handle_from_other_valve_handle": {
    "criteria": {
      "has_valve": "2023-05-29 15:28:11 -0700"
    },
    "done": true
  },
  "create:recipes/create.base/crafting/kinetics/encased_chain_drive": {
    "criteria": {
      "has_item": "2023-05-29 14:16:05 -0700"
    },
    "done": true
  },
  "create:recipes/create.base/crafting/kinetics/sail_framefrom_conversion": {
    "criteria": {
      "has_item": "2023-05-29 14:52:05 -0700"
    },
    "done": true
  },
  "minecraft:recipes/building_blocks/oak_wood": {
    "criteria": {
      "has_log": "2023-06-02 15:24:43 -0700"
    },
    "done": true
  },
  "minecraft:story/root": {
    "criteria": {
      "crafting_table": "2023-05-29 14:27:57 -0700"
    },
    "done": true
  },
  "minecraft:recipes/redstone/dropper": {
    "criteria": {
      "has_redstone": "2023-05-29 15:55:21 -0700"
    },
    "done": true
  },
  "minecraft:recipes/misc/coal": {
    "criteria": {
      "has_coal_block": "2023-05-29 17:24:05 -0700"
    },
    "done": true
  },
  "create:recipes/create.palettes/cut_andesite_wall_from_andesite_stonecutting": {
    "criteria": {
      "has_andesite": "2023-05-29 14:10:32 -0700"
    },
    "done": true
  },
  "minecraft:recipes/misc/quartz_from_blasting": {
    "criteria": {
      "has_nether_quartz_ore": "2023-06-02 16:03:15 -0700"
    },
    "done": true
  },
  "minecraft:recipes/building_blocks/polished_granite_slab": {
    "criteria": {
      "has_polished_granite": "2023-06-02 15:54:33 -0700"
    },
    "done": true
  },
  "minecraft:recipes/redstone/repeater": {
    "criteria": {
      "has_redstone_torch": "2023-05-29 15:55:16 -0700"
    },
    "done": true
  },
  "minecraft:recipes/tools/compass": {
    "criteria": {
      "has_redstone": "2023-05-29 15:55:21 -0700"
    },
    "done": true
  },
  "create:recipes/create.base/crafting/appliances/crafting_blueprint": {
    "criteria": {
      "has_item": "2023-05-29 14:27:57 -0700"
    },
    "done": true
  },
  "minecraft:recipes/redstone/oak_button": {
    "criteria": {
      "has_planks": "2023-05-29 14:50:53 -0700"
    },
    "done": true
  },
  "create:recipes/create.palettes/tiled_glass_from_glass_colorless_stonecutting": {
    "criteria": {
      "has_glass_colorless": "2023-05-29 15:07:53 -0700"
    },
    "done": true
  },
  "computercraft:recipes/computercraft/cable": {
    "criteria": {
      "has_computer": "2023-05-29 17:09:18 -0700"
    },
    "done": true
  },
  "minecraft:adventure/ol_betsy": {
    "criteria": {
      "shot_crossbow": "2023-05-29 20:42:19 -0700"
    },
    "done": true
  },
  "minecraft:recipes/building_blocks/polished_andesite": {
    "criteria": {
      "has_andesite": "2023-05-29 14:10:32 -0700"
    },
    "done": true
  },
  "minecraft:recipes/building_blocks/mossy_cobblestone_from_vine": {
    "criteria": {
      "has_vine": "2023-05-29 14:12:11 -0700"
    },
    "done": true
  },
  "minecraft:recipes/redstone/iron_door": {
    "criteria": {
      "has_iron_ingot": "2023-05-29 15:01:03 -0700"
    },
    "done": true
  },
  "create:recipes/create.base/crafting/kinetics/mechanical_harvester": {
    "criteria": {
      "has_item": "2023-05-29 14:16:05 -0700"
    },
    "done": true
  },
  "minecraft:recipes/misc/iron_ingot_from_smelting_deepslate_iron_ore": {
    "criteria": {
      "has_deepslate_iron_ore": "2023-05-29 16:52:16 -0700"
    },
    "done": true
  },
  "create:recipes/create.palettes/polished_cut_andesite_stairs_from_andesite_stonecutting": {
    "criteria": {
      "has_andesite": "2023-05-29 14:10:32 -0700"
    },
    "done": true
  },
  "minecraft:recipes/misc/iron_ingot_from_nuggets": {
    "criteria": {
      "has_iron_nugget": "2023-05-29 14:42:53 -0700"
    },
    "done": true
  },
  "minecraft:recipes/redstone/oak_door": {
    "criteria": {
      "has_planks": "2023-05-29 14:50:53 -0700"
    },
    "done": true
  },
  "create:recipes/create.base/crafting/kinetics/item_vault": {
    "criteria": {
      "has_item": "2023-05-29 14:24:21 -0700"
    },
    "done": true
  },
  "minecraft:recipes/transportation/jungle_boat": {
    "criteria": {
      "in_water": "2023-05-29 15:33:36 -0700"
    },
    "done": true
  },
  "create:recipes/create.base/crafting/kinetics/gray_valve_handle_from_other_valve_handle": {
    "criteria": {
      "has_valve": "2023-05-29 15:28:11 -0700"
    },
    "done": true
  },
  "minecraft:adventure/shoot_arrow": {
    "criteria": {
      "shot_arrow": "2023-05-29 20:42:19 -0700"
    },
    "done": true
  },
  "create:linked_controller": {
    "criteria": {
      "0": "2023-05-29 16:03:41 -0700"
    },
    "done": true
  },
  "minecraft:recipes/decorations/stone_brick_walls_from_stone_stonecutting": {
    "criteria": {
      "has_stone": "2023-05-29 14:40:23 -0700"
    },
    "done": true
  },
  "minecraft:recipes/misc/iron_ingot_from_iron_block": {
    "criteria": {
      "has_iron_block": "2023-05-29 15:01:05 -0700"
    },
    "done": true
  },
  "create:recipes/create.base/crafting/kinetics/green_seat": {
    "criteria": {
      "has_wool": "2023-05-29 19:11:54 -0700"
    },
    "done": true
  },
  "create:recipes/create.palettes/small_andesite_bricks_from_andesite_stonecutting": {
    "criteria": {
      "has_andesite": "2023-05-29 14:10:32 -0700"
    },
    "done": true
  },
  "minecraft:recipes/redstone/heavy_weighted_pressure_plate": {
    "criteria": {
      "has_iron_ingot": "2023-05-29 15:01:03 -0700"
    },
    "done": true
  },
  "minecraft:recipes/transportation/dark_oak_boat": {
    "criteria": {
      "in_water": "2023-05-29 15:33:36 -0700"
    },
    "done": true
  },
  "minecraft:recipes/decorations/glow_item_frame": {
    "criteria": {
      "has_item_frame": "2023-05-29 16:31:23 -0700"
    },
    "done": true
  },
  "minecraft:recipes/decorations/andesite_wall_from_andesite_stonecutting": {
    "criteria": {
      "has_andesite": "2023-05-29 14:10:32 -0700"
    },
    "done": true
  },
  "minecraft:recipes/building_blocks/pink_wool": {
    "criteria": {
      "has_white_wool": "2023-05-29 19:11:54 -0700"
    },
    "done": true
  },
  "minecraft:recipes/misc/diamond_from_blasting_deepslate_diamond_ore": {
    "criteria": {
      "has_deepslate_diamond_ore": "2023-06-02 16:07:27 -0700"
    },
    "done": true
  },
  "create:recipes/create.base/blasting/zinc_ingot_from_ore": {
    "criteria": {
      "has_item": "2023-05-29 19:07:38 -0700"
    },
    "done": true
  },
  "create:recipes/create.palettes/cut_andesite_brick_stairs_from_andesite_stonecutting": {
    "criteria": {
      "has_andesite": "2023-05-29 14:10:32 -0700"
    },
    "done": true
  },
  "create:recipes/create.palettes/layered_andesite_from_andesite_stonecutting": {
    "criteria": {
      "has_andesite": "2023-05-29 14:10:32 -0700"
    },
    "done": true
  },
  "create:recipes/create.base/crafting/kinetics/pink_seat": {
    "criteria": {
      "has_wool": "2023-05-29 19:11:54 -0700"
    },
    "done": true
  },
  "minecraft:recipes/redstone/piston": {
    "criteria": {
      "has_redstone": "2023-05-29 15:55:21 -0700"
    },
    "done": true
  },
  "minecraft:recipes/building_blocks/stone_stairs": {
    "criteria": {
      "has_stone": "2023-05-29 14:40:23 -0700"
    },
    "done": true
  },
  "create:recipes/create.base/crafting/logistics/pulse_extender": {
    "criteria": {
      "has_item": "2023-05-29 15:55:21 -0700"
    },
    "done": true
  },
  "minecraft:recipes/redstone/spruce_trapdoor": {
    "criteria": {
      "has_planks": "2023-05-29 14:02:10 -0700"
    },
    "done": true
  },
  "minecraft:recipes/misc/quartz": {
    "criteria": {
      "has_nether_quartz_ore": "2023-06-02 16:03:15 -0700"
    },
    "done": true
  },
  "create:recipes/create.base/crafting/kinetics/light_gray_seat_from_other_seat": {
    "criteria": {
      "has_seat": "2023-05-29 16:51:22 -0700"
    },
    "done": true
  },
  "minecraft:recipes/combat/diamond_boots": {
    "criteria": {
      "has_diamond": "2023-05-29 20:20:14 -0700"
    },
    "done": true
  },
  "create:recipes/create.base/crafting/kinetics/blue_seat_from_other_seat": {
    "criteria": {
      "has_seat": "2023-05-29 16:51:22 -0700"
    },
    "done": true
  },
  "minecraft:story/smelt_iron": {
    "criteria": {
      "iron": "2023-05-29 15:01:03 -0700"
    },
    "done": true
  },
  "create:recipes/create.base/crafting/kinetics/cyan_seat_from_other_seat": {
    "criteria": {
      "has_seat": "2023-05-29 16:51:22 -0700"
    },
    "done": true
  },
  "create:recipes/create.base/crafting/kinetics/light_gray_seat": {
    "criteria": {
      "has_wool": "2023-05-29 19:11:54 -0700"
    },
    "done": true
  },
  "minecraft:recipes/building_blocks/pink_stained_glass": {
    "criteria": {
      "has_glass": "2023-05-29 20:48:55 -0700"
    },
    "done": true
  },
  "create:recipes/create.base/crafting/kinetics/track_signal": {
    "criteria": {
      "has_item": "2023-05-29 16:21:20 -0700"
    },
    "done": true
  },
  "minecraft:recipes/building_blocks/bone_block": {
    "criteria": {
      "has_bone_meal": "2023-05-29 16:46:16 -0700"
    },
    "done": true
  },
  "DataVersion": 2975
}